{
  "project_info": {
    "project_number": "325291464236",
    "firebase_url": "https://chatapp-ac87a.firebaseio.com",
    "project_id": "chatapp-ac87a",
    "storage_bucket": "chatapp-ac87a.appspot.com"
  },
  "client": [
    {
      "client_info": {
        "mobilesdk_app_id": "1:325291464236:android:2137e88b2fc747b47ba389",
        "android_client_info": {
          "package_name": "com.example.chatapp"
        }
      },
      "oauth_client": [
        {
          "client_id": "325291464236-7ghkf2jj6cvvu8bkmr93jl5m8dmeclu8.apps.googleusercontent.com",
          "client_type": 3
        }
      ],
      "api_key": [
        {
          "current_key": "AIzaSyCwl5jr3jVsAlHhj5JBYNlV_MBQrclxmNc"
        }
      ],
      "services": {
        "appinvite_service": {
          "other_platform_oauth_client": [
            {
              "client_id": "325291464236-7ghkf2jj6cvvu8bkmr93jl5m8dmeclu8.apps.googleusercontent.com",
              "client_type": 3
            }
          ]
        }
      }
    }
  ],
  "configuration_version": "1"
}